codigo,nombre,precio,cantidad_bulto,vendor,proveedor,category,tags,imagen
DCH-AB0581,PERFUME YARA AB058-1 rosa,3.35,96,LAMB,DCH,Perfume,perfume,https://cdn.shopify.com/s/files/1/0751/1474/1909/files/DCH-AB0581.jpg
DCH-AB0582,PERFUME ASAD AB058-2 negro,3.35,96,LAMB,DCH,Perfume,"perfume, negro",https://cdn.shopify.com/s/files/1/0751/1474/1909/files/DCH-AB0582.jpg
DCH-AB0586,PERFUME YARA AB058-6 rojo,3.35,96,LAMB,DCH,Perfume,perfume,https://cdn.shopify.com/s/files/1/0751/1474/1909/files/DCH-AB0586.jpg
DCH-AB05811,PERFUME club de nuit INTENSE,3.35,96,LAMB,DCH,Perfume,"perfume, intense",https://cdn.shopify.com/s/files/1/0751/1474/1909/files/DCH-AB05811.jpg
DCH-AB05822,PERFUME AMEERAT AL ARAB,3.35,96,LAMB,DCH,Perfume,"perfume, ameerat",https://cdn.shopify.com/s/files/1/0751/1474/1909/files/DCH-AB05822.jpg
DCH-B10049,PERFUME YARA CAJA x24pcs,0.88,288,LAMB,DCH,Perfume,perfume,https://cdn.shopify.com/s/files/1/0751/1474/1909/files/DCH-B10049.jpg
DCH-B10051,PERFUME ASAD CAJA x24pcs,0.88,288,LAMB,DCH,Perfume,perfume,https://cdn.shopify.com/s/files/1/0751/1474/1909/files/DCH-B10051.jpg
DCH-B10091,PERFUME AMEERAT AL ARAB,0.88,288,LAMB,DCH,Perfume,"perfume, ameerat",https://cdn.shopify.com/s/files/1/0751/1474/1909/files/DCH-B10091.jpg
DCH-B10092,PERFUME ASAD CAJA x24pcs,0.88,288,LAMB,DCH,Perfume,perfume,https://cdn.shopify.com/s/files/1/0751/1474/1909/files/DCH-B10092.jpg
DCH-B10093,PERFUME KHAMRAH CAJA,0.88,288,LAMB,DCH,Perfume,"perfume, khamrah",https://cdn.shopify.com/s/files/1/0751/1474/1909/files/DCH-B10093.jpg
DCH-L11109,PERFUME KHAMRAH QAHWA,0.88,288,LAMB,DCH,Perfume,"perfume, khamrah, qahwa, lattafa",https://cdn.shopify.com/s/files/1/0751/1474/1909/files/DCH-L11109.jpg
DCH-B10096,PERFUME FAKHAR LATTAFA,0.88,288,LAMB,DCH,Perfume,"perfume, fakhar, lattafa, blanco",https://cdn.shopify.com/s/files/1/0751/1474/1909/files/DCH-B10096.jpg
DCH-B10097,PERFUME FAKHAR LATTAFA,0.88,288,LAMB,DCH,Perfume,"perfume, fakhar, lattafa, negro",https://cdn.shopify.com/s/files/1/0751/1474/1909/files/DCH-B10097.jpg
DCH-B10099,PERFUME MAYAR CAJA x24pcs,0.88,288,LAMB,DCH,Perfume,"perfume, mayar",https://cdn.shopify.com/s/files/1/0751/1474/1909/files/DCH-B10099.jpg
DCH-B100102,PERFUME MAYAR CAJA x24pcs,0.88,288,LAMB,DCH,Perfume,"perfume, mayar",https://cdn.shopify.com/s/files/1/0751/1474/1909/files/DCH-B100102.jpg
DCH-B100103,PERFUME ANANF 9 PM CAJA,0.88,288,LAMB,DCH,Perfume,"perfume, ananf",https://cdn.shopify.com/s/files/1/0751/1474/1909/files/DCH-B100103.jpg
DCH-B100115,PERFUME SAKEENA CAJA,0.88,288,LAMB,DCH,Perfume,"perfume, sakeena",https://cdn.shopify.com/s/files/1/0751/1474/1909/files/DCH-B100115.jpg
DCH-B100117,PERFUME HAYA CAJA x24pcs,0.88,288,LAMB,DCH,Perfume,perfume,https://cdn.shopify.com/s/files/1/0751/1474/1909/files/DCH-B100117.jpg
DCH-B100120,PERFUME negro CAJA x24pcs,0.88,288,LAMB,DCH,Perfume,"perfume, negro",https://cdn.shopify.com/s/files/1/0751/1474/1909/files/DCH-B100120.jpg
DCH-B100135,PERFUME ASAD marron CAJA,0.88,288,LAMB,DCH,Perfume,"perfume, marron",https://cdn.shopify.com/s/files/1/0751/1474/1909/files/DCH-B100135.jpg
DCH-L11110,PERFUME GISSAH CAJA x24pcs,0.88,288,LAMB,DCH,Perfume,"perfume, gissah",https://cdn.shopify.com/s/files/1/0751/1474/1909/files/DCH-L11110.jpg
DCH-24193,PERFUME FAKHAR LATTAFA,11.0,48,LAMB,DCH,Perfume,"perfume, fakhar, lattafa, dorado",https://cdn.shopify.com/s/files/1/0751/1474/1909/files/DCH-24193.jpg
DCH-HARA1,PERFUME AL HARAMAIN,16.8,48,LAMB,DCH,Perfume,"perfume, haramain, amber",https://cdn.shopify.com/s/files/1/0751/1474/1909/files/DCH-HARA1.jpg
DCH-HARA5,PERFUME AL HARAMAIN,16.8,48,LAMB,DCH,Perfume,"perfume, haramain, amber, private, edition",https://cdn.shopify.com/s/files/1/0751/1474/1909/files/DCH-HARA5.jpg
DCH-HARA6,PERFUME AL HARAMAIN,16.8,48,LAMB,DCH,Perfume,"perfume, haramain, amber, edition",https://cdn.shopify.com/s/files/1/0751/1474/1909/files/DCH-HARA6.jpg
DCH-HARA2,PERFUME AL HARAMAIN,16.8,48,LAMB,DCH,Perfume,"perfume, haramain, amber, rouge",https://cdn.shopify.com/s/files/1/0751/1474/1909/files/DCH-HARA2.jpg
DCH-K1,PERFUME KHAMRAH LATTAFA,12.5,48,LAMB,DCH,Perfume,"perfume, khamrah, lattafa",https://cdn.shopify.com/s/files/1/0751/1474/1909/files/DCH-K1.jpg
DCH-K2,PERFUME KHAMRAH QAHWA,12.5,48,LAMB,DCH,Perfume,"perfume, khamrah, qahwa, lattafa",https://cdn.shopify.com/s/files/1/0751/1474/1909/files/DCH-K2.jpg
DCH-K3,PERFUME KHAMRAH DUKHAN,12.5,48,LAMB,DCH,Perfume,"perfume, khamrah, dukhan, lattafa",https://cdn.shopify.com/s/files/1/0751/1474/1909/files/DCH-K3.jpg
DCH-ORIEN1,PERFUME ORIENTICA ROYAL,13.5,48,LAMB,DCH,Perfume,"perfume, orientica, royal, amber",https://cdn.shopify.com/s/files/1/0751/1474/1909/files/DCH-ORIEN1.jpg
DCH-ORIEN2,PERFUME ORIENTICA AMBER,13.5,48,LAMB,DCH,Perfume,"perfume, orientica, amber, rouge",https://cdn.shopify.com/s/files/1/0751/1474/1909/files/DCH-ORIEN2.jpg
DCH-N4,PERFUME BHARARA VIKING,20.0,48,LAMB,DCH,Perfume,"perfume, bharara, viking, cairo",https://cdn.shopify.com/s/files/1/0751/1474/1909/files/DCH-N4.jpg
DCH-9BLACK,PERFUME AFNAN 9 PM 100ml,11.0,48,LAMB,DCH,Perfume,"perfume, afnan",https://cdn.shopify.com/s/files/1/0751/1474/1909/files/DCH-9BLACK.jpg
DCH-MAYA1,PERFUME MAYAR,10.0,48,LAMB,DCH,Perfume,"perfume, mayar",https://cdn.shopify.com/s/files/1/0751/1474/1909/files/DCH-MAYA1.jpg
DCH-8006,PERFUME MASUMAM WHITE,13.0,48,LAMB,DCH,Perfume,"perfume, masumam, white, intense, lattafa",https://cdn.shopify.com/s/files/1/0751/1474/1909/files/DCH-8006.jpg
DCH-8006,PERFUME MASUMAM LATTAFA,13.0,48,LAMB,DCH,Perfume,"perfume, masumam, lattafa",https://cdn.shopify.com/s/files/1/0751/1474/1909/files/DCH-8006.jpg
DCH-24413,PERFUME LATTAFA YARA,4.5,144,LAMB,DCH,Perfume,"perfume, lattafa, blanco",https://cdn.shopify.com/s/files/1/0751/1474/1909/files/DCH-24413.jpg
DCH-24415,PERFUME LATTAFA YARA Rojo,4.5,144,LAMB,DCH,Perfume,"perfume, lattafa",https://cdn.shopify.com/s/files/1/0751/1474/1909/files/DCH-24415.jpg
DCH-24416,PERFUME LATTAFA YARA Rojo,4.5,144,LAMB,DCH,Perfume,"perfume, lattafa",https://cdn.shopify.com/s/files/1/0751/1474/1909/files/DCH-24416.jpg
DCH-24417,PERFUME LATTAFA ASAD Rojo,4.5,144,LAMB,DCH,Perfume,"perfume, lattafa, oscuro",https://cdn.shopify.com/s/files/1/0751/1474/1909/files/DCH-24417.jpg
DCH-24418,PERFUME LATTAFA ASAD Azul,4.5,144,LAMB,DCH,Perfume,"perfume, lattafa",https://cdn.shopify.com/s/files/1/0751/1474/1909/files/DCH-24418.jpg
DCH-24051,PERFUME LATTAFA YARA,8.2,48,LAMB,DCH,Perfume,"perfume, lattafa, rosado",https://cdn.shopify.com/s/files/1/0751/1474/1909/files/DCH-24051.jpg
DCH-24052,PERFUME LATTAFA ASAD,8.0,48,LAMB,DCH,Perfume,"perfume, lattafa, negro",https://cdn.shopify.com/s/files/1/0751/1474/1909/files/DCH-24052.jpg
DCH-24054,PERFUME LATTAFA YARA,8.0,48,LAMB,DCH,Perfume,"perfume, lattafa, amarillo",https://cdn.shopify.com/s/files/1/0751/1474/1909/files/DCH-24054.jpg
DCH-24057,PERFUME LATTAFA ASAD rojo,8.0,48,LAMB,DCH,Perfume,"perfume, lattafa, oscuro",https://cdn.shopify.com/s/files/1/0751/1474/1909/files/DCH-24057.jpg
DCH-24058,PERFUME LATTAFA ASAD azul,8.0,48,LAMB,DCH,Perfume,"perfume, lattafa",https://cdn.shopify.com/s/files/1/0751/1474/1909/files/DCH-24058.jpg
DCH-24059,PERFUME LATTAFA YARA rojo,8.2,48,LAMB,DCH,Perfume,"perfume, lattafa",https://cdn.shopify.com/s/files/1/0751/1474/1909/files/DCH-24059.jpg
DCH-L3,PERFUME ODYSSEY DUBAI,10.5,48,LAMB,DCH,Perfume,"perfume, odyssey, dubai, chocolate",https://cdn.shopify.com/s/files/1/0751/1474/1909/files/DCH-L3.jpg
DCH-2426B,PERFUME BADEE AL OUD OUD,9.0,48,LAMB,DCH,Perfume,"perfume, badee, glory, negro",https://cdn.shopify.com/s/files/1/0751/1474/1909/files/DCH-2426B.jpg
DCH-2426C,PERFUME BADEE AL OUD,9.0,48,LAMB,DCH,Perfume,"perfume, badee, noble, blush",https://cdn.shopify.com/s/files/1/0751/1474/1909/files/DCH-2426C.jpg
DCH-2426D,PERFUME BADEE AL OUD,9.0,48,LAMB,DCH,Perfume,"perfume, badee, honor, glory, blanco",https://cdn.shopify.com/s/files/1/0751/1474/1909/files/DCH-2426D.jpg
DCH-2426E,PERFUME BADEE AL OUD,9.0,48,LAMB,DCH,Perfume,"perfume, badee, amethyst, negro",https://cdn.shopify.com/s/files/1/0751/1474/1909/files/DCH-2426E.jpg
DCH-ORIEN2,PERFUME ORIENTICA ROYAL,12.3,48,LAMB,DCH,Perfume,"perfume, orientica, royal, amber",https://cdn.shopify.com/s/files/1/0751/1474/1909/files/DCH-ORIEN2.jpg
DCH-ORIEN1,PERFUME ORIENTICA AMBER,12.3,48,LAMB,DCH,Perfume,"perfume, orientica, amber, rouge",https://cdn.shopify.com/s/files/1/0751/1474/1909/files/DCH-ORIEN1.jpg
DCH-24284,PERFUME NOW INTENSE,8.0,72,LAMB,DCH,Perfume,"perfume, intense",https://cdn.shopify.com/s/files/1/0751/1474/1909/files/DCH-24284.jpg
DCH-AMF1,PERFUME club de nuit INTENSE,10.0,48,LAMB,DCH,Perfume,"perfume, intense",https://cdn.shopify.com/s/files/1/0751/1474/1909/files/DCH-AMF1.jpg
DCH-AMF2,PERFUME club de nuit WOMEN,10.0,48,LAMB,DCH,Perfume,"perfume, women",https://cdn.shopify.com/s/files/1/0751/1474/1909/files/DCH-AMF2.jpg
DCH-AMF3,PERFUME club de nuit,10.0,48,LAMB,DCH,Perfume,"perfume, silllage",https://cdn.shopify.com/s/files/1/0751/1474/1909/files/DCH-AMF3.jpg
DCH-AMF4,PERFUME club de nuit UNTOLD,10.0,48,LAMB,DCH,Perfume,"perfume, untold",https://cdn.shopify.com/s/files/1/0751/1474/1909/files/DCH-AMF4.jpg
DCH-AMF5,PERFUME club de nuit ICONIC,10.0,48,LAMB,DCH,Perfume,"perfume, iconic",https://cdn.shopify.com/s/files/1/0751/1474/1909/files/DCH-AMF5.jpg
DCH-AMF6,PERFUME club de nuit URBAN,10.0,48,LAMB,DCH,Perfume,"perfume, urban, exilir",https://cdn.shopify.com/s/files/1/0751/1474/1909/files/DCH-AMF6.jpg
DCH-AMF7,PERFUME club de nuit MALEKA,10.0,48,LAMB,DCH,Perfume,"perfume, maleka",https://cdn.shopify.com/s/files/1/0751/1474/1909/files/DCH-AMF7.jpg
DCH-HER1,PERFUME LATTAFA HER,15.6,48,LAMB,DCH,Perfume,"perfume, lattafa, confession",https://cdn.shopify.com/s/files/1/0751/1474/1909/files/DCH-HER1.jpg
DCH-HER2,PERFUME LATTAFA HIS,15.6,48,LAMB,DCH,Perfume,"perfume, lattafa, confession",https://cdn.shopify.com/s/files/1/0751/1474/1909/files/DCH-HER2.jpg
DCH-CJW2522,MINI PERFUMERO PORTÁTIL,0.38,1200,LAMB,DCH,Perfume,"perfumero, recargable",https://cdn.shopify.com/s/files/1/0751/1474/1909/files/DCH-CJW2522.jpg
DCH-C39800,PAULINE 23ml PERSONAJE,0.28,1200,LAMB,DCH,General,"pauline, personaje",https://cdn.shopify.com/s/files/1/0751/1474/1909/files/DCH-C39800.jpg
DCH-C39801,MASCARILLA FACIAL STITCH,0.28,1200,LAMB,DCH,Belleza,"mascarilla, facial, stitch, modelos",https://cdn.shopify.com/s/files/1/0751/1474/1909/files/DCH-C39801.jpg
DCH-LT562L,ESMALTE CHARM LIMIT,0.47,360,LAMB,DCH,General,"esmalte, charm, limit, semipermanente, colores",https://cdn.shopify.com/s/files/1/0751/1474/1909/files/DCH-LT562L.jpg
DCH-C37203,ESMALTE TYM-81033,0.55,576,LAMB,DCH,General,"esmalte, personaje",https://cdn.shopify.com/s/files/1/0751/1474/1909/files/DCH-C37203.jpg
DCH-APF51,PERFUME PF51 FLOWER,0.45,576,LAMB,DCH,Perfume,"perfume, flower, rococo",https://cdn.shopify.com/s/files/1/0751/1474/1909/files/DCH-APF51.jpg
DCH-C44820,MASCARILLA NASAL para,0.13,2400,LAMB,DCH,Belleza,"mascarilla, nasal, puntos, negros, pilaten",https://cdn.shopify.com/s/files/1/0751/1474/1909/files/DCH-C44820.jpg
DCH-C44823,para LABIOS HIDRATATE,1.76,100,LAMB,DCH,General,"labios, hidratate",https://cdn.shopify.com/s/files/1/0751/1474/1909/files/DCH-C44823.jpg
DCH-CK1076,RHODIALA GINSENG 8EN1,6.0,200,LAMB,DCH,General,"rhodiala, ginseng",https://cdn.shopify.com/s/files/1/0751/1474/1909/files/DCH-CK1076.jpg
DCH-CYS25295,TECH LT-25S04 ALTA,14.0,36,LAMB,DCH,General,,https://cdn.shopify.com/s/files/1/0751/1474/1909/files/DCH-CYS25295.jpg
DCH-CK1022,PLANCHITAS DE PELO,1.8,120,LAMB,DCH,General,"planchitas, flequillo",https://cdn.shopify.com/s/files/1/0751/1474/1909/files/DCH-CK1022.jpg
DCH-AYS25147,CERAMICA LAMBO TECH,6.2,70,LAMB,DCH,General,"ceramica, lambo",https://cdn.shopify.com/s/files/1/0751/1474/1909/files/DCH-AYS25147.jpg
DCH-CK1074,MASCARA FACIAL,13.4,20,LAMB,DCH,Belleza,"mascara, facial, fototerapia",https://cdn.shopify.com/s/files/1/0751/1474/1909/files/DCH-CK1074.jpg
DCH-CYS25254,FACIAL Y PAPADA EMS LAMBO,7.6,100,LAMB,DCH,Belleza,"facial, papada, lambo",https://cdn.shopify.com/s/files/1/0751/1474/1909/files/DCH-CYS25254.jpg
DCH-CYS25255,PARA FACIAL PAPADA LT-,7.5,60,LAMB,DCH,Belleza,"facial, papada",https://cdn.shopify.com/s/files/1/0751/1474/1909/files/DCH-CYS25255.jpg
DCH-AYS25164,YS25-164 S-022 MICRO PULSO,3.0,200,LAMB,DCH,Tecno,"micro, pulso, electrico, recargable",https://cdn.shopify.com/s/files/1/0751/1474/1909/files/DCH-AYS25164.jpg
DCH-AYS253,MICROCORRIENTE,5.9,120,LAMB,DCH,Tecno,microcorriente,https://cdn.shopify.com/s/files/1/0751/1474/1909/files/DCH-AYS253.jpg
DCH-AYS2531,MASAJEADOR LIMPIADOR,10.0,50,LAMB,DCH,Belleza,"masajeador, limpiador, facial, fototerapia, recargable",https://cdn.shopify.com/s/files/1/0751/1474/1909/files/DCH-AYS2531.jpg
DCH-CK1069,ULTRASONICO FOTOTERAPIA,12.8,60,LAMB,DCH,Tecno,"ultrasonico, fototerapia",https://cdn.shopify.com/s/files/1/0751/1474/1909/files/DCH-CK1069.jpg
DCH-AYS2558,ESPATULA LIMPIEZA FACIAL,3.35,100,LAMB,DCH,Belleza,"espatula, limpieza, facial, ultrasonica, recargable",https://cdn.shopify.com/s/files/1/0751/1474/1909/files/DCH-AYS2558.jpg
DCH-AYS2561,EN FRIO ICE ROLLER,3.5,120,LAMB,DCH,General,roller,https://cdn.shopify.com/s/files/1/0751/1474/1909/files/DCH-AYS2561.jpg
DCH-AYS25139,MASAJEADOR FACIAL FRIO,2.25,200,LAMB,DCH,Belleza,"masajeador, facial",https://cdn.shopify.com/s/files/1/0751/1474/1909/files/DCH-AYS25139.jpg
DCH-AYS25208,RODILLO MASAJEADOR FACIAL,2.2,180,LAMB,DCH,Belleza,"rodillo, masajeador, facial, silicona, lambo",https://cdn.shopify.com/s/files/1/0751/1474/1909/files/DCH-AYS25208.jpg
DCH-CK1090,PERFILADORES DE CEJAS,0.3,1200,LAMB,DCH,General,"perfiladores, cejas",https://cdn.shopify.com/s/files/1/0751/1474/1909/files/DCH-CK1090.jpg
DCH-CYS25265,AFEITADORA FEMENINA 4en1,7.15,120,LAMB,DCH,Tecno,"afeitadora, femenina, lambo, recargable",https://cdn.shopify.com/s/files/1/0751/1474/1909/files/DCH-CYS25265.jpg
DCH-CYS25305,INTIMA FEMENINA DOBLE,5.4,160,LAMB,DCH,General,"intima, femenina, doble",https://cdn.shopify.com/s/files/1/0751/1474/1909/files/DCH-CYS25305.jpg
DCH-CYS25308,DEPILADORA FACIAL CEJAS,2.6,200,LAMB,DCH,Belleza,"depiladora, facial, cejas, recargable",https://cdn.shopify.com/s/files/1/0751/1474/1909/files/DCH-CYS25308.jpg
DCH-CK1007CK1025,DEPILADORA LASER IPL LAMBO,16.5,36,LAMB,DCH,General,"depiladora, laser, lambo, blanca",https://cdn.shopify.com/s/files/1/0751/1474/1909/files/DCH-CK1007CK1025.jpg
DCH-CK1026,LAMBO TECH c/VISOR LED,20.0,30,LAMB,DCH,General,"lambo, visor",https://cdn.shopify.com/s/files/1/0751/1474/1909/files/DCH-CK1026.jpg
DCH-LT25D03,DEPILADORA FACIAL 2EN1,2.8,300,LAMB,DCH,Belleza,"depiladora, facial, recargable",https://cdn.shopify.com/s/files/1/0751/1474/1909/files/DCH-LT25D03.jpg
DCH-LT25D04,DEPILADORA FACIAL 2EN1,2.9,200,LAMB,DCH,Belleza,"depiladora, facial, recargable",https://cdn.shopify.com/s/files/1/0751/1474/1909/files/DCH-LT25D04.jpg
DCH-LT25D05,DEPILADORA FACIAL,2.0,200,LAMB,DCH,Belleza,"depiladora, facial, recargable",https://cdn.shopify.com/s/files/1/0751/1474/1909/files/DCH-LT25D05.jpg
DCH-LT25D06,DEPILADORA FACIAL 2EN1,2.7,200,LAMB,DCH,Belleza,"depiladora, facial, recargable",https://cdn.shopify.com/s/files/1/0751/1474/1909/files/DCH-LT25D06.jpg
DCH-LT25D07,RECARGABLE CON FUNCION DE,3.0,200,LAMB,DCH,Tecno,"recargable, funcion",https://cdn.shopify.com/s/files/1/0751/1474/1909/files/DCH-LT25D07.jpg
DCH-C43205CYS25233,DEPILADORA FACIAL CEJAS,3.0,120,LAMB,DCH,Belleza,"depiladora, facial, cejas, flawlbss, recargable, desarmado, blanco",https://cdn.shopify.com/s/files/1/0751/1474/1909/files/DCH-C43205CYS25233.jpg
DCH-C5000,LAMBO TECH RECARGABLE,3.5,200,LAMB,DCH,Tecno,"lambo, recargable",https://cdn.shopify.com/s/files/1/0751/1474/1909/files/DCH-C5000.jpg
DCH-CYS25261,AFEITADORA ULTRASONICA,8.5,100,LAMB,DCH,General,"afeitadora, ultrasonica, lambotech",https://cdn.shopify.com/s/files/1/0751/1474/1909/files/DCH-CYS25261.jpg
DCH-AYS255,LIMA DE UÑA ELECTRICA PARA,2.75,100,LAMB,DCH,General,"electrica, lambo",https://cdn.shopify.com/s/files/1/0751/1474/1909/files/DCH-AYS255.jpg
DCH-CK1049C38210,FETAL DETECCION CARDIACA,6.7,60,LAMB,DCH,General,"fetal, deteccion, cardiaca",https://cdn.shopify.com/s/files/1/0751/1474/1909/files/DCH-CK1049C38210.jpg
DCH-CK1049C38210,FETAL DETECCION CARDIACA,6.7,60,LAMB,DCH,General,"fetal, deteccion, cardiaca",https://cdn.shopify.com/s/files/1/0751/1474/1909/files/DCH-CK1049C38210.jpg
DCH-CK1082,SET ESTUCHE MANICURA,2.15,120,LAMB,DCH,General,"estuche, manicura, pedicura, alicate, corta, tijera, pinza",https://cdn.shopify.com/s/files/1/0751/1474/1909/files/DCH-CK1082.jpg
DCH-CK1080,PORTATIL SECADO UÑAS,1.85,300,LAMB,DCH,Tecno,"portatil, secado, manicura, recargable",https://cdn.shopify.com/s/files/1/0751/1474/1909/files/DCH-CK1080.jpg
DCH-C43206,SACALECHE ELECTRICO,9.5,48,LAMB,DCH,Tecno,"sacaleche, electrico",https://cdn.shopify.com/s/files/1/0751/1474/1909/files/DCH-C43206.jpg
DCH-AYS25202,MATERNAXL-2401 ELECTRICO,8.9,48,LAMB,DCH,Tecno,"maternaxl, electrico, sacaleche, recargable",https://cdn.shopify.com/s/files/1/0751/1474/1909/files/DCH-AYS25202.jpg
DCH-AYS25203,MATERNA JSL-X901,10.5,40,LAMB,DCH,Tecno,"materna, electrico, sacaleche",https://cdn.shopify.com/s/files/1/0751/1474/1909/files/DCH-AYS25203.jpg
DCH-AYS25204,MATERNA MY-376 ELECTRICO,14.5,30,LAMB,DCH,Tecno,"materna, electrico",https://cdn.shopify.com/s/files/1/0751/1474/1909/files/DCH-AYS25204.jpg
DCH-AYS2577,EXTRACTOR DE LECHE,11.0,30,LAMB,DCH,Maternal,"extractor, leche, materna, automatico",https://cdn.shopify.com/s/files/1/0751/1474/1909/files/DCH-AYS2577.jpg
DCH-A35701AMT4013,MASCARA DE PESTAÑA TANGO,0.59,720,LAMB,DCH,General,"mascara, pesta, tango",https://cdn.shopify.com/s/files/1/0751/1474/1909/files/DCH-A35701AMT4013.jpg
DCH-AMT384I71,RUBOR CON ESPONJA M1120,0.6,1440,LAMB,DCH,Cosmetico,"rubor, esponja, tango",https://cdn.shopify.com/s/files/1/0751/1474/1909/files/DCH-AMT384I71.jpg
DCH-AMT387,ACEITE LABIAL MT1124 MINI,0.24,2880,LAMB,DCH,Cosmetico,"aceite, labial, tango",https://cdn.shopify.com/s/files/1/0751/1474/1909/files/DCH-AMT387.jpg
DCH-AMT373,POLVO ILUMINADOR MT-H186,0.24,2880,LAMB,DCH,Cosmetico,"polvo, iluminador, tango",https://cdn.shopify.com/s/files/1/0751/1474/1909/files/DCH-AMT373.jpg
DCH-A33410,LABIAL GLOSS R1801,0.49,720,LAMB,DCH,Cosmetico,"labial, gloss, romantic",https://cdn.shopify.com/s/files/1/0751/1474/1909/files/DCH-A33410.jpg
DCH-A33411,ACEITE LABIAL R1779,0.49,720,LAMB,DCH,Cosmetico,"aceite, labial, romantic",https://cdn.shopify.com/s/files/1/0751/1474/1909/files/DCH-A33411.jpg
DCH-AMOC786,POLVO ILUMINADOR MOC786,0.63,960,LAMB,DCH,Cosmetico,"polvo, iluminador",https://cdn.shopify.com/s/files/1/0751/1474/1909/files/DCH-AMOC786.jpg
DCH-AMT372,RUBOR EN BARRA SH0411 MINI,0.9,576,LAMB,DCH,Cosmetico,"rubor, barra, tango",https://cdn.shopify.com/s/files/1/0751/1474/1909/files/DCH-AMT372.jpg
DCH-AMT382,BALSAMO LABIAL MT-1125C,0.47,1008,LAMB,DCH,Cosmetico,"balsamo, labial, personaje, tango",https://cdn.shopify.com/s/files/1/0751/1474/1909/files/DCH-AMT382.jpg
DCH-AMT3819,RUBOR LIQUIDO SH240603 MINI,0.63,576,LAMB,DCH,Cosmetico,"rubor, liquido, tango",https://cdn.shopify.com/s/files/1/0751/1474/1909/files/DCH-AMT3819.jpg
DCH-AMT3820,ACEITE LABIAL LP240604 MINI,0.63,576,LAMB,DCH,Cosmetico,"aceite, labial, tango",https://cdn.shopify.com/s/files/1/0751/1474/1909/files/DCH-AMT3820.jpg
DCH-AMT3821,ILUMINADOR LIQUIDO HL240605,0.63,576,LAMB,DCH,Cosmetico,"iluminador, liquido, tango",https://cdn.shopify.com/s/files/1/0751/1474/1909/files/DCH-AMT3821.jpg
DCH-AMT3822,TINTE LABIAL BARBIE MT1117,0.4,1440,LAMB,DCH,Cosmetico,"tinte, labial, barbie, tango",https://cdn.shopify.com/s/files/1/0751/1474/1909/files/DCH-AMT3822.jpg
DCH-A0770223,SERUM ACIDO HIALURONICO,1.45,144,LAMB,DCH,Cosmetico,"serum, acido, hialuronico, premaquillaje",https://cdn.shopify.com/s/files/1/0751/1474/1909/files/DCH-A0770223.jpg
DCH-A0770224,PREMAQUILLAJE CON,1.45,144,LAMB,DCH,Cosmetico,premaquillaje,https://cdn.shopify.com/s/files/1/0751/1474/1909/files/DCH-A0770224.jpg
DCH-A353019,PREBASE DE MAQUILLAJE,0.32,1152,LAMB,DCH,Cosmetico,"prebase, maquillaje",https://cdn.shopify.com/s/files/1/0751/1474/1909/files/DCH-A353019.jpg
DCH-AYS25207,PORTA COSMETICO HZJ-625,18.5,20,LAMB,DCH,General,"porta, cosmetico, espejo",https://cdn.shopify.com/s/files/1/0751/1474/1909/files/DCH-AYS25207.jpg
DCH-A9301,HUMIFICADOR ANTIGRAVEDAD,11.0,24,LAMB,DCH,General,"humificador, antigravedad, regargable",https://cdn.shopify.com/s/files/1/0751/1474/1909/files/DCH-A9301.jpg
DCH-C1200,CEPILLO CON GLITTER DE,1.1,360,LAMB,DCH,General,"cepillo, glitter, capybara",https://cdn.shopify.com/s/files/1/0751/1474/1909/files/DCH-C1200.jpg
DCH-AYS2581,MUSCULAR TONIFICADOR,2.0,200,LAMB,DCH,General,"muscular, tonificador",https://cdn.shopify.com/s/files/1/0751/1474/1909/files/DCH-AYS2581.jpg
DCH-AYS2582,ELECTROESTIMULADOR,3.85,200,LAMB,DCH,General,"electroestimulador, muscular, tonificador",https://cdn.shopify.com/s/files/1/0751/1474/1909/files/DCH-AYS2582.jpg
DCH-CYS25266,CALOR LT3002 ALIVIA,2.25,100,LAMB,DCH,General,"calor, alivia",https://cdn.shopify.com/s/files/1/0751/1474/1909/files/DCH-CYS25266.jpg
DCH-AYS2548,ALIVIA MIGRAÑA OJERA,3.0,80,LAMB,DCH,General,"alivia, migra, ojera",https://cdn.shopify.com/s/files/1/0751/1474/1909/files/DCH-AYS2548.jpg
DCH-AYS25154,ANTIFAZ PARA DORMIR,2.7,300,LAMB,DCH,General,"antifaz, dormir, reversible",https://cdn.shopify.com/s/files/1/0751/1474/1909/files/DCH-AYS25154.jpg
DCH-A12701,861 FAJA REDUCTORA,2.5,100,LAMB,DCH,General,reductora,https://cdn.shopify.com/s/files/1/0751/1474/1909/files/DCH-A12701.jpg
DCH-A12702,FAJA REDUCTORA HOT,2.7,100,LAMB,DCH,General,"reductora, shaper",https://cdn.shopify.com/s/files/1/0751/1474/1909/files/DCH-A12702.jpg
DCH-A12705,FAJA REDUCTORA ABDOMEN,2.5,200,LAMB,DCH,General,"reductora, abdomen",https://cdn.shopify.com/s/files/1/0751/1474/1909/files/DCH-A12705.jpg
DCH-A19609,COLOR NEGRO 140 Y BEIGE 60,2.9,200,LAMB,DCH,General,"color, negro, beige, chica, mediana, grande",https://cdn.shopify.com/s/files/1/0751/1474/1909/files/DCH-A19609.jpg
