codigo,nombre,precio,cantidad_bulto,marca
BF-UV82,HANDY WALKIE-TALKIE RADIO BAOFENG 5W EN CAJA,18.00,50,SIN
BF-R5,HANDY WALKIE-TALKIE RADIO BAOFENG BF-5R 5W,18.00,50,SIN
BF-888S,HANDY WALKIE-TALKIE RADIO BAOFENG EN DOS UNIDADES,18.00,50,SIN
T26D,Altavoz Portátil Lemolele T26D C/ Cámara Para Auto,75.00,20,SIN
T9D,Estéreo Inalámbrico Para Coche Carplay Audio Portátil Para AUTO T9D,75.00,20,SIN
K06,Auriculares Inalámbricos Rgb Bluetooth Auriculares Para Casc K06,10.00,100,SIN
K10,Auriculares Del Casco Del Bluetooth De La Radio De Fm K10 CON CAMARA,35.00,100,SIN
TM01,AURICULAR BLUETOOTH DEPORTIVO TM01,4.50,100,SIN
TM02,AURICULAR BLUETOOTH DEPORTIVO TM02,4.50,100,SIN
TM03,AURICULAR BLUETOOTH DEPORTIVO TM03,4.50,100,SIN
MXQ-073,TV BOX 8K CON MAGIS,13.00,40,SIN
Q6,TV STICK CON MAGIC,14.00,50,SIN
MQ-101,TV BOX 8K CON MAGIS,12.50,40,SIN
DVB-T2,ANTENA PARA TV DIGITAL,3.90,60,SIN
AT03,ANTENA PARA TV DIGITAL,1.50,200,SIN
B450L,ROUTER ALTA POTENCIA DUAL BAND SMART 1200M B450L,17.00,40,SIN
TRS３,Repetidor Extensor De Señal Wifi 4 Antenas 300mbps TRS３,7.50,100,SIN
LY2004,Lampara Velador Infantil Stitch Labubu Kuromi Capibara Luz LY2004,8.50,90,SIN
LY3024,Lampara De Labubu Cafe Con Helado De Diamantes LY3024,6.50,96,SIN
556-3,Veladores portátiles con diseño LABUBU 556-3,5.50,120,SIN
EX02657,CABLE USB A TYPE-C 6A SIN BOSA Y CAJA,0.25,1000,SIN
Y324,CARGADOR PORTATIL 20000MHL CON CABLE 25W CARGA RAPIDA,11.00,50,SIN
DX211,CARGADOR PORTATIL 10000MHL CON CABLE 4 IN 1 25W CARGA RAPIDA,9.00,100,SIN
DIY3020,pizarra magica luminosa 30*20 luz led usb acrilico con fibron blanco,7.50,60,SIN
HZJ-01,ESPEJO CON LUZ LED PARA AUTO PARASOL,2.80,60,SIN
JG-988,Espejo Luz Led Tactil Usb Maquillaje Portatil Aumento Plegab JG-988,4.20,48,SIN
HZJ-07,ESPEJO CON LUZ LED,12.00,40,SIN
HZJ-10,ESPEJO CON LUZ LED,12.00,12,SIN
XR-568,ESPEJO CON LUZ LED,8.50,20,SIN
XR-3300,Espejo De Maquillaje Led Táctil Tres Pliegues Con Aumento Blanco XR-3300,11.00,16,SIN
TW-666,Perchero De Esquina Estante De Ropa Perchero De Piso 2 Capas TW-666,7.50,20,SIN
TW5-80,Mueble Organizador Zapatos Zapatero Resistente Compacto TW5-80,7.50,18,SIN
TW333-4,Zapatero Multifuncional De Acero Inoxidable De 5 Niveles Con Asa Se Puede Utilizar En Dormitorios TW333-4,5.50,18,SIN
603,Tender Vertical Plegable Alas Ropa Secado Hogar Reforzado 603,10.00,6,SIN
M19 PRO,AURICULAR INALÁMBRICO,3.20,100,SIN
y60,AURICULAR INALÁMBRICO,3.00,100,SIN
Y70,AURICULAR INALÁMBRICO,3.40,100,SIN
Y80,AURICULAR INALÁMBRICO,3.50,100,SIN
M10,AURICULAR INALÁMBRICO,2.70,100,SIN
A-C21,LONCHERA PORTÁTIL ELÉCTRICA,20.00,16,SIN
A32,CÁMARA DOMO DE SEGURIDAD WIFI,25.00,30,SIN
AY-101,MICROFONO VINCHA INALAMBRICO AY-101,8.00,60,SIN
MK-12,Marcadores Doble Punta Fibra Valija Profesional X12 MK-12,0.75,120,SIN
MK-24,Marcadores Doble Punta Fibra Valija Profesional X24 MK-24,1.50,120,SIN
MK-36,Marcadores Doble Punta Fibra Valija Profesional X36 MK-36,2.10,80,SIN
MK-48,Marcadores Doble Punta Fibra Valija Profesional X48 MK-48,2.90,60,SIN
MK-60,Marcadores Doble Punta Fibra Valija Profesional X60 MK-60,3.60,48,SIN
X100,Marcadores Doble Punta Fibra Valija Profesional X100 MK-100,6.50,50,SIN
MK-120,Marcadores Doble Punta Fibra Valija Profesional X120 MK-120,7.70,24,SIN
K-103,Bolígrafos De Pintura Acrílica Marcadores De Pintura De Color 24 UNIDADES,2.50,96,SIN
K-104,Bolígrafos De Pintura Acrílica Marcadores De Pintura De Color 36 UNIDADES,3.50,48,SIN
K-105,Bolígrafos De Pintura Acrílica Marcadores De Pintura De Color 48 UNIDADES,4.20,48,SIN
K-106,Bolígrafos De Pintura Acrílica Marcadores De Pintura De Color 60 UNIDADES,5.20,32,SIN
k-107,Bolígrafos De Pintura Acrílica Marcadores De Pintura De Color 80 UNIDADES,6.80,24,SIN
MARKER 40,MARCADOR 40 COLOR,5.20,30,SIN
MARKER 48,MARCADOR 48 COLOR,5.60,30,SIN
k-114,Kit escolar de marcadores y colores (46 piezas) k-114,7.00,24,SIN
k-118,Kit De Lapicera Y Fibras Escolares De Colores (46 piezas) k-118,7.00,24,SIN
K-201,Portaminas Resistente Ergonómico Graduable + Minas (0.5mm 0.7mm) 12 unidades,2.60,120,SIN
k-225,Cinta Adhesiva De Color Con Dispensador De Escritorio Cinta Adhesiva De 6 Unidades,4.30,48,SIN
k-227,Cinta Adhesiva De Color Con Dispensador De Escritorio Cinta Adhesiva De 12 Unidades,6.50,30,SIN
kk-229,Cinta Adhesiva De Color Con Dispensador De Escritorio Cinta Adhesiva De 24 Unidades,11.50,20,SIN
WH-111,Auricular Oreja De Gato Inalámbrico Con Iluminacion Led,9.50,40,SIN
WH-113,Auricular Oreja De Gato Inalámbrico Con Iluminacion Led,9.50,40,SIN
WH-101,Auricular Oreja De Gato Inalámbrico Con Iluminacion Led,8.50,40,SIN
M5,Parlante Bluetooth Portátil Labubu,7.80,60,SIN
M42,Parlante Bluetooth Portátil,17.50,30,SIN
M13,Parlante Bluetooth Portátil,8.50,60,SIN
M16,Parlante Bluetooth Portátil Inalámbrico Led,13.00,40,SIN
M09,Parlante Bluetooth Portátil Con Micrófono,10.50,40,SIN
T&G-611,Parlante Bluetooth Portátil Inalámbrico,14.50,40,SIN
T&G-187,Parlante Bluetooth Portátil Inalámbrico Con Iluminación Led,16.00,20,SIN
GEL 12,Set 12 Unidades Marcadores Fibras Gel Pastel Brillantes,1.90,120,SIN
GEL 24,Set 24 Unidades Marcadores Fibras Gel Pastel Brillantes,3.20,80,SIN
GEL 36,Set 36 Unidades Marcadores Fibras Gel Pastel Brillantes,5.00,40,SIN
GEL 48,Set 48 Unidades Marcadores Fibras Gel Pastel Brillantes,6.00,40,SIN
GEL 60,Set 60 Unidades Marcadores Fibras Gel Pastel Brillantes,7.40,30,SIN
GEL 100,Set 100 Unidades Marcadores Fibras Gel Pastel Brillantes,9.30,18,SIN
K-150,Marcadores Fibras Escolares 24 colores,1.90,60,SIN
K-151,Marcadores Fibras Escolares 36 colores,2.40,60,SIN
K-152,Marcadores Fibras Escolares 48 colores,3.20,40,SIN
K-153,Marcadores Fibras Escolares 60 colores,4.00,30,SIN
K-154,Marcadores Fibras Escolares 72 colores,4.90,30,SIN
K-155,Marcadores Fibras Escolares 100 colores,6.20,24,SIN
K-156,Marcadores Fibras Escolares 120 colores,8.50,24,SIN